"0","special_predictors = list("
"0","    list(""VA_IND_PER_CAPITA"", 2002, ""mean""),"
"0","    list(""VA_IND_PER_CAPITA"", 2003, ""mean""),"
"0","    list(""VA_IND_PER_CAPITA"", 2004, ""mean""),"
"0","    list(""VA_IND_PER_CAPITA"", 2005, ""mean""),"
"0","    list(""VA_IND_PER_CAPITA"", 2006, ""mean""),"
"0","    list(""VA_IND_PER_CAPITA"", 2007, ""mean""),"
"0","    list(""VA_IND_PER_CAPITA"", 2008, ""mean""),"
"0","    list(""VA_IND_PER_CAPITA"", 2009, ""mean""),"
"0","    list(""VA_IND_PER_CAPITA"", 2010, ""mean""),"
"0","    list(""VA_IND_PER_CAPITA"", 2011, ""mean""),"
"0","    list(""VA_IND_PER_CAPITA"", 2012, ""mean""),"
"0","    list(""VA_IND_PER_CAPITA"", 2013, ""mean""),"
"0","    list(""VA_IND_PER_CAPITA"", 2014, ""mean""),"
"0","    list(""VA_IND_PER_CAPITA"", 2015, ""mean""),"
"0","    list(""VA_IND_PER_CAPITA"", 2016, ""mean""),"
"0","    list(""VA_IND_PER_CAPITA"", 2017, ""mean""),"
"0","    list(""VA_IND_PER_CAPITA"", 2018, ""mean"")"
"0","    "
"0","#    ,"
"0","  "
"0","#    list(""PIB_PER_CAPITA"", 2002, ""mean""),"
"0","#    list(""PIB_PER_CAPITA"", 2003, ""mean""),"
"0","#    list(""PIB_PER_CAPITA"", 2004, ""mean""),"
"0","#    list(""PIB_PER_CAPITA"", 2005, ""mean""),"
"0","#    list(""PIB_PER_CAPITA"", 2006, ""mean""),"
"0","#    list(""PIB_PER_CAPITA"", 2007, ""mean""),"
"0","#    list(""PIB_PER_CAPITA"", 2008, ""mean""),"
"0","#    list(""PIB_PER_CAPITA"", 2009, ""mean""),"
"0","#    list(""PIB_PER_CAPITA"", 2010, ""mean""),"
"0","#    list(""PIB_PER_CAPITA"", 2011, ""mean""),"
"0","#    list(""PIB_PER_CAPITA"", 2012, ""mean""),"
"0","#    list(""PIB_PER_CAPITA"", 2013, ""mean""),"
"0","#    list(""PIB_PER_CAPITA"", 2014, ""mean""),"
"0","#    list(""PIB_PER_CAPITA"", 2015, ""mean""),"
"0","#    list(""PIB_PER_CAPITA"", 2016, ""mean""),"
"0","#    list(""PIB_PER_CAPITA"", 2017, ""mean""),"
"0","#    list(""PIB_PER_CAPITA"", 2018, ""mean"")"
"0","    "
"0","#    ,"
"0","#    list(""REMUNERACAO_MEDIA"", 2002, ""mean""),"
"0","#    list(""REMUNERACAO_MEDIA"", 2003, ""mean""),"
"0","#    list(""REMUNERACAO_MEDIA"", 2004, ""mean""),"
"0","#    list(""REMUNERACAO_MEDIA"", 2005, ""mean""),"
"0","#    list(""REMUNERACAO_MEDIA"", 2006, ""mean""),"
"0","#    list(""REMUNERACAO_MEDIA"", 2007, ""mean""),"
"0","#    list(""REMUNERACAO_MEDIA"", 2008, ""mean""),"
"0","#    list(""REMUNERACAO_MEDIA"", 2009, ""mean""),"
"0","#    list(""REMUNERACAO_MEDIA"", 2010, ""mean""),"
"0","#   list(""REMUNERACAO_MEDIA"", 2011, ""mean""),"
"0","#    list(""REMUNERACAO_MEDIA"", 2012, ""mean""),"
"0","#    list(""REMUNERACAO_MEDIA"", 2013, ""mean""),"
"0","#    list(""REMUNERACAO_MEDIA"", 2014, ""mean""),"
"0","#    list(""REMUNERACAO_MEDIA"", 2015, ""mean""),"
"0","#    list(""REMUNERACAO_MEDIA"", 2016, ""mean""),"
"0","#    list(""REMUNERACAO_MEDIA"", 2017, ""mean""),"
"0","#    list(""REMUNERACAO_MEDIA"", 2018, ""mean"")"
"0","    "
"0","#    ,"
"0","    #list(""PROP_MEDIA_POP_EMPREGADA"", 2002, ""mean""),"
"0","    #list(""PROP_MEDIA_POP_EMPREGADA"", 2003, ""mean""),"
"0","    #list(""PROP_MEDIA_POP_EMPREGADA"", 2004, ""mean""),"
"0","    #list(""PROP_MEDIA_POP_EMPREGADA"", 2005, ""mean""),"
"0","    #list(""PROP_MEDIA_POP_EMPREGADA"", 2006, ""mean""),"
"0","#    list(""PROP_MEDIA_POP_EMPREGADA"", 2007, ""mean""),"
"0","#    list(""PROP_MEDIA_POP_EMPREGADA"", 2008, ""mean""),"
"0","#    list(""PROP_MEDIA_POP_EMPREGADA"", 2009, ""mean""),"
"0","#    list(""PROP_MEDIA_POP_EMPREGADA"", 2010, ""mean""),"
"0","#    list(""PROP_MEDIA_POP_EMPREGADA"", 2011, ""mean""),"
"0","#    list(""PROP_MEDIA_POP_EMPREGADA"", 2012, ""mean""),"
"0","#    list(""PROP_MEDIA_POP_EMPREGADA"", 2013, ""mean""),"
"0","#    list(""PROP_MEDIA_POP_EMPREGADA"", 2014, ""mean""),"
"0","#    list(""PROP_MEDIA_POP_EMPREGADA"", 2015, ""mean""),"
"0","#    list(""PROP_MEDIA_POP_EMPREGADA"", 2016, ""mean""),"
"0","#    list(""PROP_MEDIA_POP_EMPREGADA"", 2017, ""mean""),"
"0","#    list(""PROP_MEDIA_POP_EMPREGADA"", 2018, ""mean"")"
"0","  )"
"0",""
"0","normal_predictors = c("
"0","    #NULL"
"0","                  ""REMUNERACAO_MEDIA"","
"0","                  ""PIB_PER_CAPITA"","
"0","                  #""PROP_MEDIA_POP_EMPREGADA"",                 "
"0","                  ""POP"", "
"0","                  "
"0","                  #""VA_AGRO_PER_CAPITA"", ""VA_IND_PER_CAPITA"", "
"0","                  #""VA_SERV_PER_CAPITA"", ""VA_ADM_PER_CAPITA"", "
"0","                  "
"0","                  ""VA_AGRO_SOBRE_VA_TOT"", ""VA_IND_SOBRE_VA_TOT"", "
"0","                  ""VA_SERV_SOBRE_VA_TOT"", ""VA_ADM_SOBRE_VA_TOT"","
"0","                  "
"0","                  ""IDHM_RENDA"", ""IDHM_LONGEVIDADE"", ""IDHM_EDU"", "
"0","                  ""TRANSF_PER_CAPITA_BOLSA_FAMILIA"","
"0","                  'GINI', "
"0","                  'TAXA_ALFAB'"
"0","                  #, "
"0","                  #'PROP_MENOS_DE_1_SM', 'PROP_1_A_2_SM', "
"0","                  #'PROP_2_A_5_SM', 'PROP_5_A_10_SM', 'PROP_MAIS_DE_10_SM'"
"0","                 )"
"0",""
"0","#synth_data new matching"
"0","matched_control_group = read.csv(file.path(matching_data_path, 'matching_k_nearest_pib.csv'))"
"0",""
"0","synth_data = dataprep("
"0","  foo = final_df,"
"0","  predictors = c("
"0","    #NULL"
"0","                  #""REMUNERACAO_MEDIA"","
"0","                  #""PROP_MEDIA_POP_EMPREGADA"",                 "
"0","                  ""POP"", "
"0","                  "
"0","                  #""VA_AGRO_PER_CAPITA"", ""VA_IND_PER_CAPITA"", "
"0","                  #""VA_SERV_PER_CAPITA"", ""VA_ADM_PER_CAPITA"", "
"0","                  "
"0","                  ""VA_AGRO_SOBRE_VA_TOT"", ""VA_IND_SOBRE_VA_TOT"", "
"0","                  ""VA_SERV_SOBRE_VA_TOT"", ""VA_ADM_SOBRE_VA_TOT"","
"0","                  "
"0","                  ""IDHM_RENDA"", ""IDHM_LONGEVIDADE"", ""IDHM_EDU"", "
"0","                  ""TRANSF_PER_CAPITA_BOLSA_FAMILIA"","
"0","                  'GINI', "
"0","                  'TAXA_ALFAB'"
"0","                  #, "
"0","                  #'PROP_MENOS_DE_1_SM', 'PROP_1_A_2_SM', "
"0","                  #'PROP_2_A_5_SM', 'PROP_5_A_10_SM', 'PROP_MAIS_DE_10_SM'"
"0","                 ),"
"0","  special.predictors = special_predictors,"
"0","  dependent = ""VA_IND_PER_CAPITA"","
"0","  unit.variable = ""COD_MUN"","
"0","  unit.names.variable = ""NOME_MUN"",   # add this back"
"0","  time.variable = ""ANO"","
"0","  treatment.identifier = 3109006,     # careful: no quotes, must be numeric if COD_MUN is numeric"
"0","  controls.identifier = matched_control_group$COD_MUN,"
"0","  time.predictors.prior = 2002:2018,"
"0","  time.optimize.ssr = 2002:2018,"
"0","  time.plot = 2002:2021"
"0",")"
"1","
 Missing data- treated unit; predictor: IDHM_RENDA ; for period: 2002 
 We ignore (na.rm = TRUE) all missing values for predictors.op.
"
"1","
 Missing data- treated unit; predictor: IDHM_RENDA ; for period: 2003 
 We ignore (na.rm = TRUE) all missing values for predictors.op.
"
"1","
 Missing data- treated unit; predictor: IDHM_RENDA ; for period: 2004 
 We ignore (na.rm = TRUE) all missing values for predictors.op.
"
"1","
 Missing data- treated unit; predictor: IDHM_RENDA ; for period: 2005 
 We ignore (na.rm = TRUE) all missing values for predictors.op.
"
"1","
 Missing data- treated unit; predictor: IDHM_RENDA ; for period: 2006 
 We ignore (na.rm = TRUE) all missing values for predictors.op.
"
"1","
 Missing data- treated unit; predictor: IDHM_RENDA ; for period: 2007 
 We ignore (na.rm = TRUE) all missing values for predictors.op.
"
"1","
 Missing data- treated unit; predictor: IDHM_RENDA ; for period: 2008 
 We ignore (na.rm = TRUE) all missing values for predictors.op.
"
"1","
 Missing data- treated unit; predictor: IDHM_RENDA ; for period: 2009 
 We ignore (na.rm = TRUE) all missing values for predictors.op.
"
"1","
 Missing data- treated unit; predictor: IDHM_RENDA ; for period: 2011 
 We ignore (na.rm = TRUE) all missing values for predictors.op.
"
"1","
 Missing data- treated unit; predictor: IDHM_RENDA ; for period: 2012 
 We ignore (na.rm = TRUE) all missing values for predictors.op.
"
"1","
 Missing data- treated unit; predictor: IDHM_RENDA ; for period: 2013 
 We ignore (na.rm = TRUE) all missing values for predictors.op.
"
"1","
 Missing data- treated unit; predictor: IDHM_RENDA ; for period: 2014 
 We ignore (na.rm = TRUE) all missing values for predictors.op.
"
"1","
 Missing data- treated unit; predictor: IDHM_RENDA ; for period: 2015 
 We ignore (na.rm = TRUE) all missing values for predictors.op.
"
"1","
 Missing data- treated unit; predictor: IDHM_RENDA ; for period: 2016 
 We ignore (na.rm = TRUE) all missing values for predictors.op.
"
"1","
 Missing data- treated unit; predictor: IDHM_RENDA ; for period: 2017 
 We ignore (na.rm = TRUE) all missing values for predictors.op.
"
"1","
 Missing data- treated unit; predictor: IDHM_RENDA ; for period: 2018 
 We ignore (na.rm = TRUE) all missing values for predictors.op.
"
"1","
 Missing data- treated unit; predictor: IDHM_LONGEVIDADE ; for period: 2002 
 We ignore (na.rm = TRUE) all missing values for predictors.op.
"
"1","
 Missing data- treated unit; predictor: IDHM_LONGEVIDADE ; for period: 2003 
 We ignore (na.rm = TRUE) all missing values for predictors.op.
"
"1","
 Missing data- treated unit; predictor: IDHM_LONGEVIDADE ; for period: 2004 
 We ignore (na.rm = TRUE) all missing values for predictors.op.
"
"1","
 Missing data- treated unit; predictor: IDHM_LONGEVIDADE ; for period: 2005 
 We ignore (na.rm = TRUE) all missing values for predictors.op.
"
"1","
 Missing data- treated unit; predictor: IDHM_LONGEVIDADE ; for period: 2006 
 We ignore (na.rm = TRUE) all missing values for predictors.op.
"
"1","
 Missing data- treated unit; predictor: IDHM_LONGEVIDADE ; for period: 2007 
 We ignore (na.rm = TRUE) all missing values for predictors.op.
"
"1","
 Missing data- treated unit; predictor: IDHM_LONGEVIDADE ; for period: 2008 
 We ignore (na.rm = TRUE) all missing values for predictors.op.
"
"1","
 Missing data- treated unit; predictor: IDHM_LONGEVIDADE ; for period: 2009 
 We ignore (na.rm = TRUE) all missing values for predictors.op.
"
"1","
 Missing data- treated unit; predictor: IDHM_LONGEVIDADE ; for period: 2011 
 We ignore (na.rm = TRUE) all missing values for predictors.op.
"
"1","
 Missing data- treated unit; predictor: IDHM_LONGEVIDADE ; for period: 2012 
 We ignore (na.rm = TRUE) all missing values for predictors.op.
"
"1","
 Missing data- treated unit; predictor: IDHM_LONGEVIDADE ; for period: 2013 
 We ignore (na.rm = TRUE) all missing values for predictors.op.
"
"1","
 Missing data- treated unit; predictor: IDHM_LONGEVIDADE ; for period: 2014 
 We ignore (na.rm = TRUE) all missing values for predictors.op.
"
"1","
 Missing data- treated unit; predictor: IDHM_LONGEVIDADE ; for period: 2015 
 We ignore (na.rm = TRUE) all missing values for predictors.op.
"
"1","
 Missing data- treated unit; predictor: IDHM_LONGEVIDADE ; for period: 2016 
 We ignore (na.rm = TRUE) all missing values for predictors.op.
"
"1","
 Missing data- treated unit; predictor: IDHM_LONGEVIDADE ; for period: 2017 
 We ignore (na.rm = TRUE) all missing values for predictors.op.
"
"1","
 Missing data- treated unit; predictor: IDHM_LONGEVIDADE ; for period: 2018 
 We ignore (na.rm = TRUE) all missing values for predictors.op.
"
"1","
 Missing data- treated unit; predictor: IDHM_EDU ; for period: 2002 
 We ignore (na.rm = TRUE) all missing values for predictors.op.
"
"1","
 Missing data- treated unit; predictor: IDHM_EDU ; for period: 2003 
 We ignore (na.rm = TRUE) all missing values for predictors.op.
"
"1","
 Missing data- treated unit; predictor: IDHM_EDU ; for period: 2004 
 We ignore (na.rm = TRUE) all missing values for predictors.op.
"
"1","
 Missing data- treated unit; predictor: IDHM_EDU ; for period: 2005 
 We ignore (na.rm = TRUE) all missing values for predictors.op.
"
"1","
 Missing data- treated unit; predictor: IDHM_EDU ; for period: 2006 
 We ignore (na.rm = TRUE) all missing values for predictors.op.
"
"1","
 Missing data- treated unit; predictor: IDHM_EDU ; for period: 2007 
 We ignore (na.rm = TRUE) all missing values for predictors.op.
"
"1","
 Missing data- treated unit; predictor: IDHM_EDU ; for period: 2008 
 We ignore (na.rm = TRUE) all missing values for predictors.op.
"
"1","
 Missing data- treated unit; predictor: IDHM_EDU ; for period: 2009 
 We ignore (na.rm = TRUE) all missing values for predictors.op.
"
"1","
 Missing data- treated unit; predictor: IDHM_EDU ; for period: 2011 
 We ignore (na.rm = TRUE) all missing values for predictors.op.
"
"1","
 Missing data- treated unit; predictor: IDHM_EDU ; for period: 2012 
 We ignore (na.rm = TRUE) all missing values for predictors.op.
"
"1","
 Missing data- treated unit; predictor: IDHM_EDU ; for period: 2013 
 We ignore (na.rm = TRUE) all missing values for predictors.op.
"
"1","
 Missing data- treated unit; predictor: IDHM_EDU ; for period: 2014 
 We ignore (na.rm = TRUE) all missing values for predictors.op.
"
"1","
 Missing data- treated unit; predictor: IDHM_EDU ; for period: 2015 
 We ignore (na.rm = TRUE) all missing values for predictors.op.
"
"1","
 Missing data- treated unit; predictor: IDHM_EDU ; for period: 2016 
 We ignore (na.rm = TRUE) all missing values for predictors.op.
"
"1","
 Missing data- treated unit; predictor: IDHM_EDU ; for period: 2017 
 We ignore (na.rm = TRUE) all missing values for predictors.op.
"
"1","
 Missing data- treated unit; predictor: IDHM_EDU ; for period: 2018 
 We ignore (na.rm = TRUE) all missing values for predictors.op.
"
"1","
 Missing data- treated unit; predictor: TRANSF_PER_CAPITA_BOLSA_FAMILIA ; for period: 2002 
 We ignore (na.rm = TRUE) all missing values for predictors.op.
"
"1","
 Missing data- treated unit; predictor: TRANSF_PER_CAPITA_BOLSA_FAMILIA ; for period: 2003 
 We ignore (na.rm = TRUE) all missing values for predictors.op.
"
"1","
 Missing data- treated unit; predictor: TRANSF_PER_CAPITA_BOLSA_FAMILIA ; for period: 2004 
 We ignore (na.rm = TRUE) all missing values for predictors.op.
"
"1","
 Missing data- treated unit; predictor: TRANSF_PER_CAPITA_BOLSA_FAMILIA ; for period: 2005 
 We ignore (na.rm = TRUE) all missing values for predictors.op.
"
"1","
 Missing data- treated unit; predictor: TRANSF_PER_CAPITA_BOLSA_FAMILIA ; for period: 2006 
 We ignore (na.rm = TRUE) all missing values for predictors.op.
"
"1","
 Missing data- treated unit; predictor: TRANSF_PER_CAPITA_BOLSA_FAMILIA ; for period: 2007 
 We ignore (na.rm = TRUE) all missing values for predictors.op.
"
"1","
 Missing data- treated unit; predictor: TRANSF_PER_CAPITA_BOLSA_FAMILIA ; for period: 2008 
 We ignore (na.rm = TRUE) all missing values for predictors.op.
"
"1","
 Missing data- treated unit; predictor: TRANSF_PER_CAPITA_BOLSA_FAMILIA ; for period: 2009 
 We ignore (na.rm = TRUE) all missing values for predictors.op.
"
"1","
 Missing data- treated unit; predictor: TRANSF_PER_CAPITA_BOLSA_FAMILIA ; for period: 2010 
 We ignore (na.rm = TRUE) all missing values for predictors.op.
"
"1","
 Missing data- treated unit; predictor: TRANSF_PER_CAPITA_BOLSA_FAMILIA ; for period: 2011 
 We ignore (na.rm = TRUE) all missing values for predictors.op.
"
"1","
 Missing data- treated unit; predictor: TRANSF_PER_CAPITA_BOLSA_FAMILIA ; for period: 2012 
 We ignore (na.rm = TRUE) all missing values for predictors.op.
"
"1","
 Missing data- treated unit; predictor: TRANSF_PER_CAPITA_BOLSA_FAMILIA ; for period: 2018 
 We ignore (na.rm = TRUE) all missing values for predictors.op.
"
"1","
 Missing data- treated unit; predictor: GINI ; for period: 2002 
 We ignore (na.rm = TRUE) all missing values for predictors.op.
"
"1","
 Missing data- treated unit; predictor: GINI ; for period: 2003 
 We ignore (na.rm = TRUE) all missing values for predictors.op.
"
"1","
 Missing data- treated unit; predictor: GINI ; for period: 2004 
 We ignore (na.rm = TRUE) all missing values for predictors.op.
"
"1","
 Missing data- treated unit; predictor: GINI ; for period: 2005 
 We ignore (na.rm = TRUE) all missing values for predictors.op.
"
"1","
 Missing data- treated unit; predictor: GINI ; for period: 2006 
 We ignore (na.rm = TRUE) all missing values for predictors.op.
"
"1","
 Missing data- treated unit; predictor: GINI ; for period: 2007 
 We ignore (na.rm = TRUE) all missing values for predictors.op.
"
"1","
 Missing data- treated unit; predictor: GINI ; for period: 2008 
 We ignore (na.rm = TRUE) all missing values for predictors.op.
"
"1","
 Missing data- treated unit; predictor: GINI ; for period: 2009 
 We ignore (na.rm = TRUE) all missing values for predictors.op.
"
"1","
 Missing data- treated unit; predictor: GINI ; for period: 2011 
 We ignore (na.rm = TRUE) all missing values for predictors.op.
"
"1","
 Missing data- treated unit; predictor: GINI ; for period: 2012 
 We ignore (na.rm = TRUE) all missing values for predictors.op.
"
"1","
 Missing data- treated unit; predictor: GINI ; for period: 2013 
 We ignore (na.rm = TRUE) all missing values for predictors.op.
"
"1","
 Missing data- treated unit; predictor: GINI ; for period: 2014 
 We ignore (na.rm = TRUE) all missing values for predictors.op.
"
"1","
 Missing data- treated unit; predictor: GINI ; for period: 2015 
 We ignore (na.rm = TRUE) all missing values for predictors.op.
"
"1","
 Missing data- treated unit; predictor: GINI ; for period: 2016 
 We ignore (na.rm = TRUE) all missing values for predictors.op.
"
"1","
 Missing data- treated unit; predictor: GINI ; for period: 2017 
 We ignore (na.rm = TRUE) all missing values for predictors.op.
"
"1","
 Missing data- treated unit; predictor: GINI ; for period: 2018 
 We ignore (na.rm = TRUE) all missing values for predictors.op.
"
"1","
 Missing data- treated unit; predictor: TAXA_ALFAB ; for period: 2002 
 We ignore (na.rm = TRUE) all missing values for predictors.op.
"
"1","
 Missing data- treated unit; predictor: TAXA_ALFAB ; for period: 2003 
 We ignore (na.rm = TRUE) all missing values for predictors.op.
"
"1","
 Missing data- treated unit; predictor: TAXA_ALFAB ; for period: 2004 
 We ignore (na.rm = TRUE) all missing values for predictors.op.
"
"1","
 Missing data- treated unit; predictor: TAXA_ALFAB ; for period: 2005 
 We ignore (na.rm = TRUE) all missing values for predictors.op.
"
"1","
 Missing data- treated unit; predictor: TAXA_ALFAB ; for period: 2006 
 We ignore (na.rm = TRUE) all missing values for predictors.op.
"
"1","
 Missing data- treated unit; predictor: TAXA_ALFAB ; for period: 2007 
 We ignore (na.rm = TRUE) all missing values for predictors.op.
"
"1","
 Missing data- treated unit; predictor: TAXA_ALFAB ; for period: 2008 
 We ignore (na.rm = TRUE) all missing values for predictors.op.
"
"1","
 Missing data- treated unit; predictor: TAXA_ALFAB ; for period: 2009 
 We ignore (na.rm = TRUE) all missing values for predictors.op.
"
"1","
 Missing data- treated unit; predictor: TAXA_ALFAB ; for period: 2011 
 We ignore (na.rm = TRUE) all missing values for predictors.op.
"
"1","
 Missing data- treated unit; predictor: TAXA_ALFAB ; for period: 2012 
 We ignore (na.rm = TRUE) all missing values for predictors.op.
"
"1","
 Missing data- treated unit; predictor: TAXA_ALFAB ; for period: 2013 
 We ignore (na.rm = TRUE) all missing values for predictors.op.
"
"1","
 Missing data- treated unit; predictor: TAXA_ALFAB ; for period: 2014 
 We ignore (na.rm = TRUE) all missing values for predictors.op.
"
"1","
 Missing data- treated unit; predictor: TAXA_ALFAB ; for period: 2015 
 We ignore (na.rm = TRUE) all missing values for predictors.op.
"
"1","
 Missing data- treated unit; predictor: TAXA_ALFAB ; for period: 2016 
 We ignore (na.rm = TRUE) all missing values for predictors.op.
"
"1","
 Missing data- treated unit; predictor: TAXA_ALFAB ; for period: 2017 
 We ignore (na.rm = TRUE) all missing values for predictors.op.
"
"1","
 Missing data- treated unit; predictor: TAXA_ALFAB ; for period: 2018 
 We ignore (na.rm = TRUE) all missing values for predictors.op.
"
"1","
 Missing data - control unit: 3102902 ; predictor: IDHM_RENDA ; for period: 2002 
 We ignore (na.rm = TRUE) all missing values for predictors.op.
"
"1","
 Missing data - control unit: 3102902 ; predictor: IDHM_RENDA ; for period: 2003 
 We ignore (na.rm = TRUE) all missing values for predictors.op.
"
"1","
 Missing data - control unit: 3102902 ; predictor: IDHM_RENDA ; for period: 2004 
 We ignore (na.rm = TRUE) all missing values for predictors.op.
"
"1","
 Missing data - control unit: 3102902 ; predictor: IDHM_RENDA ; for period: 2005 
 We ignore (na.rm = TRUE) all missing values for predictors.op.
"
"1","
 Missing data - control unit: 3102902 ; predictor: IDHM_RENDA ; for period: 2006 
 We ignore (na.rm = TRUE) all missing values for predictors.op.
"
"1","
 Missing data - control unit: 3102902 ; predictor: IDHM_RENDA ; for period: 2007 
 We ignore (na.rm = TRUE) all missing values for predictors.op.
"
"1","
 Missing data - control unit: 3102902 ; predictor: IDHM_RENDA ; for period: 2008 
 We ignore (na.rm = TRUE) all missing values for predictors.op.
"
"1","
 Missing data - control unit: 3102902 ; predictor: IDHM_RENDA ; for period: 2009 
 We ignore (na.rm = TRUE) all missing values for predictors.op.
"
"1","
 Missing data - control unit: 3102902 ; predictor: IDHM_RENDA ; for period: 2011 
 We ignore (na.rm = TRUE) all missing values for predictors.op.
"
"1","
 Missing data - control unit: 3102902 ; predictor: IDHM_RENDA ; for period: 2012 
 We ignore (na.rm = TRUE) all missing values for predictors.op.
"
"1","
 Missing data - control unit: 3102902 ; predictor: IDHM_LONGEVIDADE ; for period: 2002 
 We ignore (na.rm = TRUE) all missing values for predictors.op.
"
"1","
 Missing data - control unit: 3102902 ; predictor: IDHM_LONGEVIDADE ; for period: 2003 
 We ignore (na.rm = TRUE) all missing values for predictors.op.
"
"1","
 Missing data - control unit: 3102902 ; predictor: IDHM_LONGEVIDADE ; for period: 2004 
 We ignore (na.rm = TRUE) all missing values for predictors.op.
"
"1","
 Missing data - control unit: 3102902 ; predictor: IDHM_LONGEVIDADE ; for period: 2005 
 We ignore (na.rm = TRUE) all missing values for predictors.op.
"
"1","
 Missing data - control unit: 3102902 ; predictor: IDHM_LONGEVIDADE ; for period: 2006 
 We ignore (na.rm = TRUE) all missing values for predictors.op.
"
"1","
 Missing data - control unit: 3102902 ; predictor: IDHM_LONGEVIDADE ; for period: 2007 
 We ignore (na.rm = TRUE) all missing values for predictors.op.
"
"1","
 Missing data - control unit: 3102902 ; predictor: IDHM_LONGEVIDADE ; for period: 2008 
 We ignore (na.rm = TRUE) all missing values for predictors.op.
"
"1","
 Missing data - control unit: 3102902 ; predictor: IDHM_LONGEVIDADE ; for period: 2009 
 We ignore (na.rm = TRUE) all missing values for predictors.op.
"
"1","
 Missing data - control unit: 3102902 ; predictor: IDHM_LONGEVIDADE ; for period: 2011 
 We ignore (na.rm = TRUE) all missing values for predictors.op.
"
"1","
 Missing data - control unit: 3102902 ; predictor: IDHM_LONGEVIDADE ; for period: 2012 
 We ignore (na.rm = TRUE) all missing values for predictors.op.
"
"1","
 Missing data - control unit: 3102902 ; predictor: IDHM_EDU ; for period: 2002 
 We ignore (na.rm = TRUE) all missing values for predictors.op.
"
"1","
 Missing data - control unit: 3102902 ; predictor: IDHM_EDU ; for period: 2003 
 We ignore (na.rm = TRUE) all missing values for predictors.op.
"
"1","
 Missing data - control unit: 3102902 ; predictor: IDHM_EDU ; for period: 2004 
 We ignore (na.rm = TRUE) all missing values for predictors.op.
"
"1","
 Missing data - control unit: 3102902 ; predictor: IDHM_EDU ; for period: 2005 
 We ignore (na.rm = TRUE) all missing values for predictors.op.
"
"1","
 Missing data - control unit: 3102902 ; predictor: IDHM_EDU ; for period: 2006 
 We ignore (na.rm = TRUE) all missing values for predictors.op.
"
"1","
 Missing data - control unit: 3102902 ; predictor: IDHM_EDU ; for period: 2007 
 We ignore (na.rm = TRUE) all missing values for predictors.op.
"
"1","
 Missing data - control unit: 3102902 ; predictor: IDHM_EDU ; for period: 2008 
 We ignore (na.rm = TRUE) all missing values for predictors.op.
"
"1","
 Missing data - control unit: 3102902 ; predictor: IDHM_EDU ; for period: 2009 
 We ignore (na.rm = TRUE) all missing values for predictors.op.
"
"1","
 Missing data - control unit: 3102902 ; predictor: IDHM_EDU ; for period: 2011 
 We ignore (na.rm = TRUE) all missing values for predictors.op.
"
"1","
 Missing data - control unit: 3102902 ; predictor: IDHM_EDU ; for period: 2012 
 We ignore (na.rm = TRUE) all missing values for predictors.op.
"
"1","
 Missing data - control unit: 3102902 ; predictor: TRANSF_PER_CAPITA_BOLSA_FAMILIA ; for period: 2002 
 We ignore (na.rm = TRUE) all missing values for predictors.op.
"
"1","
 Missing data - control unit: 3102902 ; predictor: TRANSF_PER_CAPITA_BOLSA_FAMILIA ; for period: 2003 
 We ignore (na.rm = TRUE) all missing values for predictors.op.
"
"1","
 Missing data - control unit: 3102902 ; predictor: TRANSF_PER_CAPITA_BOLSA_FAMILIA ; for period: 2004 
 We ignore (na.rm = TRUE) all missing values for predictors.op.
"
"1","
 Missing data - control unit: 3102902 ; predictor: TRANSF_PER_CAPITA_BOLSA_FAMILIA ; for period: 2005 
 We ignore (na.rm = TRUE) all missing values for predictors.op.
"
"1","
 Missing data - control unit: 3102902 ; predictor: TRANSF_PER_CAPITA_BOLSA_FAMILIA ; for period: 2006 
 We ignore (na.rm = TRUE) all missing values for predictors.op.
"
"1","
 Missing data - control unit: 3102902 ; predictor: TRANSF_PER_CAPITA_BOLSA_FAMILIA ; for period: 2007 
 We ignore (na.rm = TRUE) all missing values for predictors.op.
"
"1","
 Missing data - control unit: 3102902 ; predictor: TRANSF_PER_CAPITA_BOLSA_FAMILIA ; for period: 2008 
 We ignore (na.rm = TRUE) all missing values for predictors.op.
"
"1","
 Missing data - control unit: 3102902 ; predictor: TRANSF_PER_CAPITA_BOLSA_FAMILIA ; for period: 2009 
 We ignore (na.rm = TRUE) all missing values for predictors.op.
"
"1","
 Missing data - control unit: 3102902 ; predictor: TRANSF_PER_CAPITA_BOLSA_FAMILIA ; for period: 2010 
 We ignore (na.rm = TRUE) all missing values for predictors.op.
"
"1","
 Missing data - control unit: 3102902 ; predictor: TRANSF_PER_CAPITA_BOLSA_FAMILIA ; for period: 2011 
 We ignore (na.rm = TRUE) all missing values for predictors.op.
"
"1","
 Missing data - control unit: 3102902 ; predictor: TRANSF_PER_CAPITA_BOLSA_FAMILIA ; for period: 2012 
 We ignore (na.rm = TRUE) all missing values for predictors.op.
"
"1","
 Missing data - control unit: 3102902 ; predictor: GINI ; for period: 2002 
 We ignore (na.rm = TRUE) all missing values for predictors.op.
"
"1","
 Missing data - control unit: 3102902 ; predictor: GINI ; for period: 2003 
 We ignore (na.rm = TRUE) all missing values for predictors.op.
"
"1","
 Missing data - control unit: 3102902 ; predictor: GINI ; for period: 2004 
 We ignore (na.rm = TRUE) all missing values for predictors.op.
"
"1","
 Missing data - control unit: 3102902 ; predictor: GINI ; for period: 2005 
 We ignore (na.rm = TRUE) all missing values for predictors.op.
"
"1","
 Missing data - control unit: 3102902 ; predictor: GINI ; for period: 2006 
 We ignore (na.rm = TRUE) all missing values for predictors.op.
"
"1","
 Missing data - control unit: 3102902 ; predictor: GINI ; for period: 2007 
 We ignore (na.rm = TRUE) all missing values for predictors.op.
"
"1","
 Missing data - control unit: 3102902 ; predictor: GINI ; for period: 2008 
 We ignore (na.rm = TRUE) all missing values for predictors.op.
"
"1","
 Missing data - control unit: 3102902 ; predictor: GINI ; for period: 2009 
 We ignore (na.rm = TRUE) all missing values for predictors.op.
"
"1","
 Missing data - control unit: 3102902 ; predictor: GINI ; for period: 2011 
 We ignore (na.rm = TRUE) all missing values for predictors.op.
"
"1","
 Missing data - control unit: 3102902 ; predictor: GINI ; for period: 2012 
 We ignore (na.rm = TRUE) all missing values for predictors.op.
"
"1","
 Missing data - control unit: 3102902 ; predictor: TAXA_ALFAB ; for period: 2002 
 We ignore (na.rm = TRUE) all missing values for predictors.op.
"
"1","
 Missing data - control unit: 3102902 ; predictor: TAXA_ALFAB ; for period: 2003 
 We ignore (na.rm = TRUE) all missing values for predictors.op.
"
"1","
 Missing data - control unit: 3102902 ; predictor: TAXA_ALFAB ; for period: 2004 
 We ignore (na.rm = TRUE) all missing values for predictors.op.
"
"1","
 Missing data - control unit: 3102902 ; predictor: TAXA_ALFAB ; for period: 2005 
 We ignore (na.rm = TRUE) all missing values for predictors.op.
"
"1","
 Missing data - control unit: 3102902 ; predictor: TAXA_ALFAB ; for period: 2006 
 We ignore (na.rm = TRUE) all missing values for predictors.op.
"
"1","
 Missing data - control unit: 3102902 ; predictor: TAXA_ALFAB ; for period: 2007 
 We ignore (na.rm = TRUE) all missing values for predictors.op.
"
"1","
 Missing data - control unit: 3102902 ; predictor: TAXA_ALFAB ; for period: 2008 
 We ignore (na.rm = TRUE) all missing values for predictors.op.
"
"1","
 Missing data - control unit: 3102902 ; predictor: TAXA_ALFAB ; for period: 2009 
 We ignore (na.rm = TRUE) all missing values for predictors.op.
"
"1","
 Missing data - control unit: 3102902 ; predictor: TAXA_ALFAB ; for period: 2011 
 We ignore (na.rm = TRUE) all missing values for predictors.op.
"
"1","
 Missing data - control unit: 3102902 ; predictor: TAXA_ALFAB ; for period: 2012 
 We ignore (na.rm = TRUE) all missing values for predictors.op.
"
